Stock Code,Investment2019
900939,
900956,426.652254
900952,
900933,14590.0619
900957,
900937,
900928,
900943,
900927,
900938,
900953,257.642
900940,
900955,
900951,380.72475
900922,385.7505085
900911,
900934,
900915,222.5017893
900929,
900914,
900913,
900912,
900926,
900916,132.868736
900948,5268.304152
900924,1953.088251
900947,28048.31772
900921,560.8350884
900923,
900919,
900936,4912.51068
900945,
900946,34.1734
900920,843.0236706
900932,
900917,
900918,481.9892578
900925,2496.995824
900941,
600759,90447.25223
655,36660.31431
600766,10225.72429
505,29854.6682
639,31480.98828
600882,13409.30173
600137,8457.578514
600735,17009.57191
600793,7096.117193
509,18401.1351
659,12227.64809
637,16281.67083
819,11691.64313
600691,31093.38819
677,15552.88219
703,96257.85982
672,132425.1579
600668,14060.48326
600678,5043.881102
600881,83039.0922
600883,26211.54743
519,64349.31989
600879,76005.45568
760,9272.604737
584,5744.393802
1696,10801.23042
633,
803,
600877,
790,
600664,
600671,
587,
591,
600101,
600157,
600644,
600674,
600886,
10,
582,
586,
670,
801,
810,
600666,
600745,
600839,
4,
503,
600804,
600892,
600858,
2,
7,
502,
514,
656,
667,
668,
671,
838,
600067,
809,
504,
719,
600880,
665,
600777,
600783,
200550,35779.98961
200613,
601619,
600795,
600717,
600660,1080080.785
200055,6746.1937
601882,58897.4166
18,
600834,
600707,
600677,
600751,
600729,
600821,
600816,
600657,
600706,
200056,
200152,
600687,
600415,
200986,3242.508896
603169,119884.3107
536,
600711,177010.1104
603690,4468.473562
601212,138984.1804
601518,
601162,
600686,19562.62994
200625,31950.45844
20,
200992,2288.799828
200726,4387.971001
200413,
200160,
601865,15846.20745
600139,32032.1405
563,
600705,
600658,
526,
600968,56590.9566
601188,
19,
516,
200771,10680.23544
600025,
601016,
601766,921522.6989
695,25607.90012
600012,
600109,
600903,
600362,220028.047
2785,32632.36501
601228,
600050,
601326,
600026,
200761,20030.2998
547,
14,
200168,
200045,
200058,
601588,
200468,
600115,
200581,6241.671508
3816,
651,
518,
543,
593,
600874,
200018,
600898,
564,
600693,
600027,
200505,697.4772888
2703,2040.582919
600429,25764.59569
600983,
600385,
600350,
36,
200706,1288.580592
600871,259522.1143
525,26871.0366
600802,32265.54476
601288,
600373,
200020,
600029,
601698,
600379,
601111,
652,
785,
600774,
600692,
300708,
201872,
601005,218737.3562
2265,24963.47863
548,
200530,4880.056309
552,73486.85669
603993,375460.9638
600688,601733.3025
600855,60417.67525
600035,
555,
600850,
9,
600176,575383.4152
600567,111510.0556
300591,13117.41185
200521,
601968,25379.2571
200725,
601988,
553,39131.8377
600800,9917.583832
23,4555.718955
1872,
601818,
540,
600939,
601398,
601860,
600965,25458.52547
721,
601086,
200028,
506,11404.84464
510,12780.95111
600699,110845.7793
613,
882,
2072,
200869,9001.501548
600917,
900942,
300601,
601330,
517,
736,
601606,
601319,
601949,
600182,14567.48207
1896,
32,
600188,247835.3279
752,6588.555204
12,111878.4484
538,
601985,
2105,10805.5255
600820,
600808,47652.91096
756,
601068,
601236,
603126,
600371,47516.47106
601611,
200553,10882.28773
600480,25275.37511
200026,
600873,208858.0805
600809,703329.2175
601718,248891.7407
600961,28239.92163
530,40725.44389
200030,924.2643
27,
544,
28,
501,
600848,
200429,
2044,
601069,54868.24788
856,25136.18285
603002,7708.879207
600894,128427.4658
550,135758.8294
601107,
600667,
200019,
26,
776,
11,
2059,
603177,
600496,
603335,11735.70972
2945,
851,
200596,66202.74735
600548,
300675,
2969,1360.372308
600018,
600343,78822.19395
402,
537,
558,
38,
603299,24599.38211
565,26076.35431
629,175304.8827
601018,
600822,
600929,48446.27466
601872,
923,10219.23302
603505,30163.12601
837,13666.80487
716,27989.08879
200054,804.7363068
17,18336.71917
600794,
951,-1177.433642
601333,
600070,
403,
889,
600229,
601990,
2042,116127.0518
600801,355049.5958
559,77831.43137
600862,45107.53374
601880,
610,
600673,
600203,
603069,
600150,191497.3414
600359,2197.949059
626,
2071,
898,170752.7964
570,7444.591107
600863,
16,
45,
601901,
600896,
35,
600179,
600889,13005.82273
600146,61568.10849
200037,
2958,
560,
65,
557,
601225,516823.8625
600073,149566.7517
600689,18200.84613
600836,54720.28629
600720,99363.40413
600847,
600885,
600812,
600979,
600681,
605,
600676,
600831,
600845,
600695,
601375,
600162,
600807,
600749,
546,
607,
600551,
600791,
831,122335.7517
200025,
603817,
600489,366457.8014
600190,
603533,
600090,
600785,
600161,
701,
404,24535.93706
987,
961,
600763,
711,
600238,6994.356824
600585,3626169.675
600875,116473.3915
600787,
600828,
600833,
608,
833,
600123,102161.1169
600169,345896.8526
953,17242.72561
595,16479.46303
2067,40787.59851
410,79019.40222
301,66903.5477
600019,1281478.704
533,
601668,
600183,
25,
617,
600470,24608.05106
528,199432.371
600982,
600377,
600888,
600697,
600778,
600721,
911,21915.4224
600028,3969636.558
2209,33991.31956
2075,219428.1961
601007,
789,110110.7868
603028,25970.28558
601002,59269.37819
603011,52496.71132
100,
680,12660.92946
601128,
820,1909.495418
200539,
600191,12442.55983
600469,20304.95712
600425,51028.47234
300643,4112.850964
600900,
606,
732,
600112,
825,223070.5233
592,24090.72413
850,23510.45673
735,127744.6724
792,283146.0379
600559,139923.2563
600505,
2839,
31,
600259,92246.14203
600483,
600230,20395.03624
971,
600173,
601579,21536.06599
200488,25291.02751
603256,1687.760589
600111,589847.4731
600057,
875,
705,
300402,18154.42465
600908,
600228,9115.870481
589,81742.26759
635,10295.68822
935,153138.8878
600152,
600133,
601669,
50,
600701,
601607,
666,
600030,
300797,
893,38296.83719
815,83971.64458
2948,
2907,
603099,
600462,
600243,13690.5566
30,124624.004
561,
603712,
300603,
2259,
813,
600187,
600710,
2936,
968,50183.99726
600433,26051.22145
37,
669,
600221,
411,
906,
600864,
965,
600515,
551,
603779,28474.22603
900910,2411.882448
601298,
600069,22591.4836
950,
300666,
2807,
601999,
600301,38485.97738
21,
897,
601608,99827.58861
2057,43804.41413
600810,23897.53562
915,
662,
600928,
600185,
600141,56065.77058
2213,15548.49375
600017,
200512,
802,
902,66637.38025
600163,
601615,28119.96941
852,28509.6407
600779,387900.0953
603058,14336.02003
600590,
600780,
600119,
603799,178542.4774
600148,16232.1868
600547,910417.1026
601727,483179.3504
600561,
2049,
56,
603363,22587.84812
2225,24586.01239
48,55935.3236
600962,14687.72801
600792,12517.18747
408,28369.56985
425,799807.1555
521,
600290,
600351,
600771,
531,
600856,
601390,
600936,
600247,
600682,
600730,
600273,206272.5151
603105,
603093,
603056,
600714,21845.65083
859,62428.86629
600725,8937.811125
657,10910.90912
600284,
166,
862,
581,214565.7805
600452,
599,53785.05282
807,209345.9297
600781,
600853,
600754,
601500,54723.0693
600475,11921.75226
600523,48407.17173
600478,
600506,27213.14493
688,74377.67839
603929,
300588,
601916,
49,142133.4934
601006,
2819,
200570,3163.2768
823,
2043,47328.08626
603227,51403.88914
601008,
600985,28260.49932
972,21510.8491
663,5467.18194
545,23168.91701
600165,18334.57015
600803,230826.2415
600579,50161.55786
600815,106736.4485
600578,
600512,
554,
632,
829,
600511,
600838,
600155,
600837,
616,
600208,
600322,
600823,
892,
600876,42103.12269
600444,5505.957344
952,
603843,
603869,
836,
600715,
2162,20261.68613
600408,26540.13398
722,
2060,
600103,68023.49762
600006,52990.6
2189,
600775,
600318,
710,
683,128293.6292
600796,14578.03881
835,
603815,
959,140038.8069
300573,
600216,
600391,35082.17108
600010,443333.1246
55,19205.79275
600732,
600476,
600753,
620,
909,
600077,
600082,
600265,19225.55821
2087,14218.44904
600089,
861,
600768,1664.412851
600841,48616.54378
600761,121181.7265
585,
676,
34,
600180,
600387,
600829,
600827,
600830,
300592,
600079,
822,10739.38096
600685,148382.682
300633,35397.73041
601598,
900905,
600493,19428.45408
630,268036.6251
600733,108527.6082
600252,
600131,
759,
812,26009.83927
600167,
600156,42085.99313
2746,33086.81518
600866,28974.97829
600232,5318.818538
2263,25841.73541
600091,14159.3139
603663,42542.92767
423,
600118,
877,166330.1965
603019,
600136,
600127,37363.13076
200012,39820.87256
932,76792.2867
600860,34127.47901
200017,1088.158943
600,
2077,
200011,
600225,
681,
900907,381.3406167
795,42927.33983
88,
777,37930.84989
600189,20770.45706
2098,
416,
600346,1145922.131
78,
600773,
600072,
603186,
600598,235618.8397
59,155604.3683
401,257719.2728
913,-16358.48114
603311,49893.91572
300748,
761,30416.18058
600456,140426.9287
601038,22993.06982
600522,
601800,
600106,
600748,
600825,
429,
601618,
601066,
2144,14489.85535
600192,
601117,
926,
600239,
2946,19034.77017
68,
600007,
791,
600959,
2863,4473.608973
600969,
600368,
600149,
980,2555.432607
600121,17936.55431
600281,21987.58469
600307,22890.99928
600399,52793.62975
600835,173754.1483
600818,6334.756848
600461,
200016,
600382,
600826,
601658,
43,
1914,
779,
300682,
848,83133.19512
600527,42899.23291
300798,9843.711139
603676,
600023,
905,
300597,
600132,200862.8083
300556,
920,20962.52352
755,
603628,
2961,
603477,8153.316765
2145,59186.49556
600231,43169.05203
600234,
600076,48137.52786
600416,31062.11243
600071,
421,
600552,
600756,
600015,
600053,
200541,
300746,
780,10045.2841
2085,11528.66575
600354,29800.08155
600381,36495.91188
600543,9412.210961
600218,25250.59598
2262,
600502,
2174,
600306,
600814,
2159,
409,
868,-3299.459381
2221,
600199,64581.62513
601106,370267.9749
603956,5293.541948
739,
788,
600242,
958,
600052,
600497,180227.7623
600482,612801.6448
2752,16459.11586
793,
600251,46340.77107
600160,323400.1784
2048,65358.37908
600113,
600151,
963,
600095,67129.61635
600737,330718.1967
931,
908,
600419,11067.01188
2461,98594.06395
955,21721.26888
723,487641.879
2805,12966.70219
600078,48123.58518
600746,2394.848819
600844,24148.39467
600117,54914.75954
600765,65206.66981
600843,7459.738676
600741,195766.6355
603166,31923.70117
566,
600021,
2063,
417,
600857,
600865,
601998,
863,
600158,
600708,
600724,
601127,88461.90894
2129,
603032,
568,1056162.445
2736,
688009,55004.36174
600358,
600258,
601918,106857.9063
426,64971.96993
603609,90465.85532
619,41157.93708
600726,
498,
600769,
600004,
159,
783,
600217,58122.56195
860,500285.8613
422,38242.91411
598,
600317,
300775,34398.7359
600448,36515.13048
806,
886,
786,435515.735
603117,
957,-4524.055925
603530,
600887,345813.1541
697,44896.20679
567,
600545,16788.67708
2102,
603797,
2039,
912,45173.67624
622,53804.84266
600198,
600713,
428,
601118,196238.4895
600397,10979.28571
2198,
826,
600395,70000.83718
600740,88660.34506
600409,109159.116
2110,245810.5699
960,322414.8795
600592,54531.40735
927,103445.4183
600679,8590.127861
600537,
590,
600211,
40,
767,
600396,
600868,
407,
600333,
600283,
2061,
600068,
600463,
600846,
520,
300698,
96,
600335,
600861,
600696,
415,
571,
600212,
600153,
600054,
2066,27682.82777
603959,
600086,
601975,
600083,
600108,25174.04326
300777,4488.418144
600516,340030.1774
2826,
900902,
603321,5485.27221
2843,3605.868
600202,
2058,
419,
603787,1254.923136
600099,11669.966
600731,22687.2651
2774,2460.024054
966,
600747,
300539,2653.351445
2013,169412.3547
600797,
603067,21992.13657
601900,
600184,-6292.019973
601015,65910.86521
600063,24704.81859
768,1281437.114
691,
600895,
600080,
727,
2219,
155,
600279,
600764,
158,
600369,
69,
600743,
757,
2054,43865.36247
600421,13537.92666
901,-11059.34526
2882,
2806,
600694,
600712,
600061,
603668,8896.813837
600096,97711.92399
603386,
895,292208.9672
910,57696.44397
300803,
600278,
600901,
600532,11766.79381
600197,129104.6096
878,221653.09
650,
600919,
973,100896.4578
600426,223447.1519
600727,34484.64521
600195,
928,
413,
600060,
524,
600576,
600313,42440.48735
576,18775.0798
600517,
600789,
687,
46,
818,195342.4449
2848,
2939,
782,33582.85272
300589,7129.044621
600022,252648.5544
2082,11787.70178
625,1046028.933
600020,
600280,
2803,
600600,573899.0826
600213,16921.443
513,
883,
600116,
600193,
89,
600291,
686,
573,
2046,8953.978932
600495,31298.48694
601789,
600209,
2079,
698,36189.86729
600172,22934.74699
890,18978.6555
600984,55755.44539
600299,
600236,
600009,
600909,
600235,39394.30775
600135,45803.18978
534,
2036,
2915,6285.744183
601368,
300460,
603977,9065.922879
603688,23902.27059
600126,253273.5204
600798,
601939,
718,
603655,7568.46613
600282,177051.0085
600166,61599.19356
737,9460.387531
611,5372.096333
903,12171.90171
600704,
983,145349.0921
600597,219236.3649
930,39509.52669
2125,10844.78737
600507,201020.478
600867,
600767,
603003,
601555,
600675,
600683,
603026,82720.16032
300772,5511.09153
603318,116835.2995
600222,
900903,
600075,60082.00687
300593,
600171,
2855,
2840,13762.52568
300662,
600980,
600138,
830,90047.88795
600378,17581.68219
603638,182143.8697
603766,60320.22491
66,
600784,
600256,443112.8707
975,118817.2333
600458,44399.70912
2092,120112.7432
601600,318162.3799
600468,
600824,
600716,
2103,
600805,
600097,21880.71547
600122,
2015,
601866,
967,
300528,
300527,153047.5116
2037,14739.90231
600033,
603128,
600363,
600540,26372.27916
600403,150442.253
600170,
600978,42282.89263
887,174730.4017
572,59349.45556
600698,2914.70062
597,
601991,
600323,
2083,106834.814
600963,23515.64409
600062,
600538,
600811,
2064,71699.54184
600449,50136.95519
603100,
797,
685,
603603,
713,60991.39893
600486,179164.6814
603879,6812.076326
603633,
601001,65480.60026
888,
600128,
600790,
603826,27593.82416
600819,22194.18451
600569,49475.88756
612,34686.59729
600459,62958.41462
800,-42112.96297
600520,
2747,
600750,
600891,
2214,
600723,
600223,
600246,
430,
58,
603718,
63,
601881,
300364,
922,
603316,
600201,
603323,
603036,30189.35501
600125,
601858,
2770,8894.112776
2076,
720,
978,
600039,
300493,
601058,125664.3139
600326,59939.1295
603159,21191.8263
300455,
2116,
600782,121917.2728
2009,31166.95939
603111,17280.77696
2813,
762,25965.32555
876,201765.0992
523,60074.9707
603283,107449.4757
2033,
300492,
600168,
300655,31721.86144
603882,
899,
2246,18702.45199
600719,
601139,
600684,
600423,47525.96361
600539,17562.33161
2160,3991.970446
600893,238563.3261
601158,
2238,
600718,
631,
600890,
420,27165.06888
688108,3098.827757
601838,
750,
600467,24982.7805
600275,12092.85329
600997,123727.9364
881,31170.10389
600389,88884.90146
600490,44761.11274
600178,20351.85152
600129,
600557,
600851,
600509,
2025,
601929,
918,
300401,82462.69459
600186,42813.00476
603009,32463.83268
600104,1511820.689
600056,
603501,
600241,
753,
2012,21753.88182
2895,17168.94488
600325,
300599,3705.511819
600094,
603721,
702,4618.503349
600365,8562.5164
603196,16493.56399
600085,
690,
885,
600575,
600356,13531.27413
839,
600305,61347.60788
600105,
601811,
601899,312412.8237
300431,
600196,
673,
300634,
601020,61073.79688
2722,22221.24266
2941,
600584,
529,25388.74077
600987,34950.71208
600388,211260.8473
600526,50382.07214
738,450754.5703
600967,104619.4486
623,
600227,
600207,
600562,
600981,
728,
603598,
603707,
2743,15428.88568
603829,
766,
798,26077.08501
600481,
603189,
603085,11743.79088
300663,
600339,32810.92495
600702,47514.01946
600372,7266.120845
300480,
2761,
712,
2053,9937.109815
600596,73974.707
2030,
600036,
2670,
600340,
2002,123176.1247
603966,12513.47135
729,85267.51315
600531,62563.53426
2031,83581.8881
603687,17033.63181
600734,
603222,
601077,
2003,21939.40128
603648,
603,89405.18848
600581,133983.9409
601989,290616.6095
600690,
2050,68701.9997
600428,
300632,
600400,72193.20129
2068,32743.1494
600992,12141.00311
2691,54280.42428
2051,
751,21078.49066
2040,
600159,
2967,
600573,15019.68
2029,68194.29367
2910,9747.275197
2909,3523.359411
2196,77762.59364
2086,13958.67665
2755,
2181,
600438,646053.5996
933,39362.63333
600558,19835.92233
300626,
970,
715,
2016,
609,
600110,37484.49788
603178,4720.318344
600970,
2766,
603859,
600081,14692.95126
600120,
2738,
2782,
600703,
2908,
603855,52888.89535
707,16109.93924
300400,47498.04956
600525,
601231,
600370,17339.33849
603536,26139.10973
300697,9575.8936
821,455055.6412
600237,
300759,
2765,44455.34208
603488,
600248,
150,
2094,37910.92526
2205,3637.41718
2800,
2808,6314.296709
977,
600593,
300654,
929,14564.18824
300503,13361.86349
2006,40960.55834
603557,37881.01568
603838,18646.43228
796,
828,
600200,
717,151328.0339
300657,
2243,64315.68441
151,
603389,12745.0916
2222,
2210,
949,34709.11441
603399,60896.02403
600973,
600566,
600353,
603881,
2500,
615,
603229,
733,
937,236313.8569
603289,9308.992902
532,
600084,5829.501494
600210,27800.23583
300459,
600064,
2207,25092.8429
600038,449648.0854
300678,
603220,
2966,
603697,2695.394394
600098,
603689,
603133,
600328,16425.79772
603612,15321.24134
2074,
600513,
2055,
682,
600770,
603848,13571.6827
2178,
603601,52507.28915
70,
601179,
600361,
601328,
300461,10126.83286
600268,
603286,2850.654833
600011,
600736,
600088,
758,33553.60049
603997,10893.69784
2799,27461.9832
600757,
900908,2819.640368
601577,
600872,184089.2131
799,97188.6315
300684,13752.3131
600500,26598.48246
60,63015.4344
2132,15419.02988
2689,26029.5536
600262,13126.37753
600501,7082.20914
600960,358.5358586
2035,
600854,
90,
2600,
2091,
600859,
601099,
600240,
600233,
2084,13022.02967
603660,
600563,
600093,
603936,
2730,19808.8924
2136,22551.04696
600420,
2113,
2836,20078.49168
600107,28211.05152
600744,
300671,
300609,
600250,
2147,
948,
600338,186481.7328
2163,
601666,56335.75075
600742,-2618.693534
300332,
1965,
600345,
600348,55475.50008
2164,75.1427907
925,78382.736
601965,60375.69635
603606,
2332,
600995,
601000,
300542,
603300,
2827,42877.59621
300576,8004.443317
600572,
600455,
300420,40427.99393
300629,8708.992598
603308,19647.43087
600580,
2134,
600100,
996,
600739,
2816,24678.69819
601177,47737.00248
600405,
936,44252.69158
600595,15637.23905
600285,
600293,
600533,
2760,13281.99674
2898,
603223,
2846,6251.540978
985,19913.3397
300727,8939.559349
300711,
300606,3863.278064
300674,
300730,
603615,7833.638247
2126,48626.77944
638,
61,
2877,
919,
603157,7014.499759
600360,
2104,
600266,
999,
603327,
601878,
2231,
300514,
603090,8377.2234
300390,
600758,36150.6311
596,183750.5606
2149,52406.56243
601919,
300672,
603016,
601997,
2778,14343.3276
39,79364.87736
603861,
636,
600352,522709.8759
2141,
816,10310.46643
600058,
2930,
600206,93098.14595
600055,50797.80729
600436,
2893,
603088,25125.65701
300515,
2307,
300506,
600311,25079.31329
982,90075.14231
601,
2047,
300621,
600986,
2014,44286.30713
603912,6492.326867
2089,
2026,18516.48664
300680,1477.960544
976,-9768.916347
981,4845.685736
600503,
708,99977.20532
2111,770.5783031
2270,
2673,
603021,14775.28954
300598,
603269,13584.60823
603819,
300565,
688138,
300692,
603667,14474.4588
600303,7358.320736
300475,
661,
688098,
600310,
600897,
2199,
601928,
603101,
2156,
601366,
600059,44361.2537
300563,
731,40883.26084
300446,7679.628106
600277,187129.1167
2724,
300664,
600257,34282.00517
600728,
2167,46493.36188
600996,
600977,
603617,10082.59201
603029,37597.11055
300486,29654.44819
600226,54131.44389
2881,
300647,
2888,
603818,45360.28761
2080,161865.9275
600008,
156,
300722,
600330,
600508,56362.94925
601636,193410.595
601992,156386.4044
600560,14831.96422
989,
300239,
603693,
600288,
603123,
2423,
600292,
603916,46471.3021
300649,
2865,4979.756334
300536,
300413,
600302,1163659.869
600988,73218.51995
2158,46570.20599
601186,
601238,271916.956
300490,
688389,3115.610534
600336,
600550,
300481,28805.28976
300421,8891.341406
2847,20794.3206
603958,28406.43932
2115,
600315,91290.2186
600722,22908.37721
600331,35529.57893
2062,
603098,
917,
601198,
603027,79253.2453
300537,41003.52345
600975,87273.99084
600319,29856.30227
2008,349906.8545
600587,8560.521345
2142,
603055,9971.951866
709,539403.9529
2735,14098.0171
603499,1626.949385
603360,27465.80857
400,
2192,
300586,5481.159348
603333,
627,
603336,47757.24068
2169,
601952,27771.17912
2239,64624.64918
603683,4769.019223
2224,16294.10197
2096,13225.53726
628,
300686,
962,25448.35054
600219,269424.0033
300605,
600327,
2127,
300640,
2780,
600383,
603679,
2232,
603528,
2926,
2223,366133.8478
600261,
600260,
600528,251169.6401
603987,67606.90637
2298,
300350,
603918,
600215,
603960,86257.91159
2802,13199.13617
603906,12473.31333
2118,
600586,8821.22598
600869,
603937,2470.757641
300580,40397.20794
600583,395999.3323
2004,130050.824
2677,
2135,
600435,
600556,
600272,
603331,
603725,12334.93624
603938,14264.07201
603045,
601512,
900904,
603990,
600568,
300578,
600392,100065.3769
600066,1212372.817
603999,
2726,149884.5894
603982,2247.6
600990,
2128,100804.8997
603608,13215.01241
2824,9282.769618
778,148494.1887
2248,18247.88362
600320,139265.0116
2112,
600332,
539,
679,
600297,
603580,1716.087847
300441,16883.56574
601155,
300622,
300391,
603030,
300585,11055.85589
603326,5507.938731
603903,
300694,13086.95901
2166,
990,216284.631
600589,18620.4074
2190,86715.97901
600375,22532.47182
600418,21622.57104
600577,
2810,25677.82029
2010,
600386,
603320,4199.15925
2021,8814.523665
603006,5438.562879
2951,9834.3234
300604,136529.7921
2937,
603863,17438.54414
2215,29527.63657
300737,19816.02201
300706,
600398,144864.8971
921,
600971,48122.81068
2685,35375.23985
300735,
603138,
601599,9898.06304
2599,10818.2196
603681,20315.71985
600114,57268.61756
2598,32659.54615
2097,99028.55849
8,189018.3192
2451,
600329,
507,
300242,
600626,
600738,
600000,
601377,
600599,
6,
601226,
5,
300422,
600603,
2274,53938.22363
300637,8486.205328
2233,203745.5198
2864,
600958,
300517,
603060,
2020,
300520,
601003,175907.6265
603390,
2188,
2114,35549.42782
603131,1107.496198
603696,4129.245994
2652,13673.48292
2093,
2659,
2833,11874.57788
603928,16899.17645
2732,24915.91223
300665,3841.824693
300469,
2228,38108.01914
603886,52961.79042
2108,66170.16263
2170,23098.8902
2715,96908.15945
601019,
2825,6159.681917
603813,
603115,
603739,5751.402274
2201,60309.83101
603339,24199.42479
601595,
99,
300464,
300805,
603356,2846.263991
600485,
603600,55389.43474
600422,
2120,
541,
2822,
601828,
2124,204370.9876
300505,5515.828241
300466,
600466,
2857,
300560,
600300,64387.30298
2117,23699.14654
603788,8528.885429
603050,
300423,
2137,
601969,62063.58777
603559,
603915,4473.727694
603181,15720.02551
300705,
600366,
603678,
600406,
600439,57000.06051
600376,
603081,3166.118562
2017,
603165,10285.66123
2272,19999.45867
603035,946039.5374
603357,
603053,
900,
300638,
2255,42156.85834
603319,14946.49542
300427,
2751,38863.08859
2139,
300491,
2211,36587.31756
300700,6494.48073
2195,
300526,148143.2457
2705,
600546,
2949,
2250,76384.87977
2953,
603996,
300437,11333.6235
603329,
2721,
2185,
603909,
600287,
2027,
2798,12919.45847
300610,12095.53008
300434,
2267,
603555,42864.65039
603823,14374.96358
2056,
603015,
2682,
2234,101747.8533
603991,1276.775899
300477,
2797,
601098,
2858,
603380,
600755,
2734,17935.05728
2786,31683.29261
300641,5799.282662
300667,
603106,
300688,
603315,17397.34646
2204,61641.9722
2182,36601.9169
300410,84204.37612
2218,
2109,33436.72299
2297,34442.52199
601028,38344.59036
603758,11772.43892
300529,20906.78384
2045,
300241,
600776,
42,
2133,
2107,
2100,296672.4367
600884,
603856,12892.58821
2486,47045.30688
2235,
600177,276882.3914
600143,143851.5039
300670,
603919,96593.45696
603800,56648.71567
603790,7136.885612
300619,38713.19483
601699,49213.78019
2088,31452.97673
300280,20537.87066
300669,5464.8201
601798,5173.807259
2668,
300317,
2121,
600269,
603167,
2655,
601009,
600933,10978.43039
900909,799.0554787
300479,
2950,1512.459
300808,
300236,29865.46834
300541,
2157,246841.814
2175,
603577,4748.809434
2119,
600536,
300584,
300290,
603345,122020.7995
600989,85681.49518
2022,
300726,
2862,3562.120556
2203,466956.7352
603025,
678,17078.96111
2625,10061.34749
603885,
603767,43069.76049
300399,
600966,52948.52761
600487,
2636,
2624,
603789,66142.12184
603728,
300768,
603722,8285.815908
600477,
600488,
300699,307914.3883
603305,18677.96274
300521,1588.404118
603042,
300465,
300806,16655.42855
603713,
603568,
600309,656143.5368
2197,54890.11108
300596,58445.03233
2173,
300725,55657.36908
603703,
603616,21170.59429
2787,15072.55695
601689,28058.44853
600249,13371.3173
601108,
300483,40998.61039
300472,10074.36185
2217,
2186,
62,
2101,108362.1131
2842,2742.426632
2011,29475.22454
300620,
2777,
300416,
300630,
2972,
2282,19912.44674
2276,
300272,
993,
603896,
2921,7122.074521
2901,4682.567006
2099,
300780,8081.444977
600549,189166.07
600460,
600976,
2856,
603089,2008.238088
2917,12698.78072
300745,31638.87141
603618,
603268,19729.20936
2171,118697.0509
603367,
603007,
603013,5557.248
603777,
300424,23787.1275
300525,
2187,
603010,19222.19189
603669,
603031,
300653,16972.5225
603880,
603726,7814.958488
300513,
300720,
2896,7221.208504
938,
300548,
603822,8484.181818
600051,
601888,
603121,6337.926
603198,150279.6672
2176,
601116,
600016,
300355,
601801,
2287,
300712,
600267,
880,8185.72776
600298,243962.7147
2708,57757.67552
2023,16219.67422
300106,22582.0938
2729,
2731,
300530,11979.50825
603118,
2793,27765.17638
300611,3833.485233
300631,115.1205091
600220,40202.02105
600308,36157.89432
600276,
603322,
2679,40077.92825
2674,31968.19803
2669,34741.07766
300234,16322.49888
600255,51721.68758
300362,3317.288535
2038,
2530,
300292,
2462,
2264,
600641,
2034,
2654,
2828,10481.81122
2759,
300571,
603306,9359.073577
2849,
603199,
2165,17640.42019
603388,
2288,
2779,71094.72528
2268,
300444,
692,
603887,
300716,4713.754037
300388,
2596,80501.31656
603520,
2851,
600529,233339.685
2151,
300719,3860.750779
300519,
2727,
2032,390000.024
300749,12612.66124
300552,
603578,3883.548189
600321,31794.99332
300510,
2305,
2741,34387.10182
603650,19194.86206
2354,
2835,
300645,
2931,21935.37154
603277,6844.777956
300635,
601360,
300457,195722.3761
2922,
603066,
300618,198514.6006
600312,
603970,
300551,14529.33001
600582,14852.36089
2681,
2155,129887.9602
603008,93739.78927
2442,19766.02954
2584,18020.80896
300715,27002.22496
300327,
601169,
2468,
603127,
603698,
300550,
2256,20034.63986
2919,1855.417631
2019,
600518,
603963,
2154,57442.45662
2226,25003.84965
600367,28735.81402
2230,
603298,161613.9994
688166,
300458,
157,144647.1872
2890,-6408.220741
300627,
2903,11401.6877
2771,
300328,48787.78951
300411,20458.22477
2698,15598.58659
2081,
2647,
2252,
300659,
300453,38278.41586
300404,
2593,7617.251637
300230,6864.621215
300733,6977.314241
2184,
300447,
603041,4829.230772
2146,
603378,14379.4465
2757,92951.21176
2889,
2796,64856.76731
998,38775.93575
601966,622822.582
300227,
2772,26946.4168
300313,3044.687253
2694,9304.23297
2295,14032.9139
2378,38010.84431
601388,28883.1772
601633,257658.29
300341,
300254,
300289,
2627,
2618,
600998,
603595,
603110,5857.06599
300504,
2193,21212.81666
300766,
603706,
600337,
2763,7908.134513
600446,
300701,
603899,490035.9567
2733,
603500,5909.2488
2330,61250.24869
603043,83281.02735
601515,179141.0483
600175,
300374,13867.21623
300509,13145.3115
2886,5465.286048
300731,4137.633582
603023,
603385,21159.06353
603527,8154.676316
2161,
300284,
603238,7046.183925
2781,
300415,43204.71361
300579,
603063,
300531,
603113,9722.032382
600760,690442.408
2723,
600870,
2866,
2001,
300793,
603317,19161.67172
601168,66441.50488
601808,956788.6793
2678,84328.92551
2427,11212.62418
2613,43261.25815
300545,47835.99137
603701,
603992,16097.69511
603876,45219.94497
2753,10959.10923
603279,13747.50533
603012,249711.5692
603183,
300779,8733.1387
603733,11741.46725
601339,98543.92275
300412,15425.10754
603080,
2138,
2773,
603129,25862.27936
300534,
300474,
603708,
300676,
2709,68323.76328
603519,
2906,
2131,
2319,9719.686898
300651,10473.41747
688299,1332.19988
603803,
300600,10794.76224
2823,
603866,294465.9216
600530,
601138,
603969,35856.83395
2177,50737.74379
300572,
2420,10898.03536
300685,
603637,
600571,
2229,27783.61698
2817,
2180,
300557,
2911,
300650,
300335,
600048,
603398,60450.82869
300432,24092.78249
2150,23076.75639
988,
2507,330965.7762
300110,
2811,
2426,
601996,32680.86536
300021,62946.60959
601113,29796.36689
2633,7148.276077
2283,41465.83171
2728,
603179,3476.831506
300456,
300451,
603421,
603538,
300553,
2095,
300587,18129.48856
2902,
603496,
300724,
603711,19567.31498
600499,39595.54871
2090,
603917,10093.71017
300717,9085.469674
300796,11094.0054
300462,54376.11911
603900,
300795,
2266,
300322,
603022,19678.5432
300406,
603976,
603798,10465.0143
2942,16153.40944
2716,6938.479489
2227,
300615,
300094,35985.69614
300265,
2962,
300689,
600926,
600594,
300693,
2683,197676.5042
300636,
2878,
600510,
2355,53907.479
601777,19187.87123
2491,
2065,
2609,
603158,53452.22765
603139,
603658,
603266,4224.708093
603717,
603825,
300783,
2206,21252.96346
600535,
300743,
300428,11209.11186
300385,24133.68399
300435,
300414,
300710,
2253,
858,7731663.251
2927,
2471,
300602,
300487,43545.26701
300478,25341.22037
2172,38345.14639
2795,35671.1082
603998,
300582,
300788,
603686,1798894.032
603878,18707.13007
300438,
2767,
603988,
603039,
603515,
300566,
603636,
300452,
2453,
2357,
969,144439.7441
600316,65172.83732
300554,16431.55977
600390,
2629,9911.637198
603429,15479.14053
2470,61544.65676
2302,51189.15465
688122,9675.050991
300318,45989.40242
2366,6676.317451
2692,
2388,
300229,
300287,
300311,
300330,
300549,29972.58952
603083,
603920,
603079,13265.0045
300707,34067.93746
603596,10281.84098
2957,2911.068333
2212,
603613,
603535,
2578,20701.07421
603602,
2524,
2868,
300425,16024.4999
603348,24985.63067
603955,
2838,10235.49311
2273,
300319,
603278,9146.48632
603328,
603967,
300497,
603605,35788.99993
2386,14631.93858
2725,12070.3742
2261,
2748,16313.92752
2871,1947.219368
603309,78737.53283
300555,
603313,30747.13574
603456,
603569,
603103,
2891,22584.89528
2611,
601369,
2435,
600037,
2464,
300499,
603566,
688139,29462.90189
2885,
600570,
600521,
600031,771854.2413
2590,7983.113537
300279,
300013,
300656,
2208,
603258,
603860,
300562,46430.31664
2883,
603755,2466.431686
2240,25392.40219
2130,
300476,
300648,
2007,
603811,
300448,
2676,10446.08138
300753,27506.44308
600565,
603901,53623.83312
300538,
300652,1790.547072
2289,
997,
300429,42161.4024
603737,220103.3653
2278,22224.0838
300691,
601166,
2845,
2646,23463.10628
603589,408200.94
603365,4825.193512
300243,28813.98455
688116,20159.75873
2547,48856.79399
2686,15887.92979
300092,24266.19415
2664,36615.70645
2473,
2527,
2610,
300247,
2370,
2644,
300482,
2504,
2492,
2052,
2281,
2463,
2587,
300219,
300296,
600130,
300297,
300299,
300315,
2561,
603037,4505.804803
603607,19125.95194
2899,10015.39216
2247,
300729,4795.160295
2258,44082.3912
2938,
300417,
603517,146559.7877
603599,52389.91773
600993,
603738,
300612,
300498,1017727.489
2619,
300608,
688015,24086.26412
600355,
603927,
2179,
300093,9280.597274
300252,
603506,
300176,30231.65159
300762,
603867,8192.32533
2815,
603768,16884.1612
300532,
2024,
603908,10591.46907
2245,
600555,
603377,
603883,
300393,
603040,8143.071326
300405,3400.206932
2028,
2740,13101.77802
2200,5102.527869
603203,21063.2716
300006,
300264,
603659,
2830,
300781,
300624,
300278,19440.78614
603466,
601958,41465.88043
2790,17510.60709
2820,14683.58059
603700,
300540,12578.78058
2041,25682.09188
601857,6104884.95
2078,486763.4029
300721,851.4038104
603161,16604.17603
603839,16094.20635
2478,38818.21732
300334,143660.8246
300755,
600295,29293.84359
300111,
725,
300344,
300511,7189.930438
2314,
601898,194424.0623
2569,15877.96687
2152,78767.61534
603369,373497.0462
2775,
2321,17162.19407
2359,
300325,27344.04907
2361,27160.95161
2666,26269.28268
2553,5654.634331
2630,12120.01404
300090,6777.733928
2690,90408.95733
2606,
300342,
300009,
2579,
300053,
300310,
603108,
2923,
300723,
2220,5145.921151
2875,5227.293168
600491,
300175,17747.17843
2592,7388.794032
600410,
603979,54652.23524
603980,41872.76783
300345,30673.91239
603828,
300282,
2861,
688066,
300409,52110.60344
2271,403522.0436
2960,
603200,
688218,-1310.164458
300112,
300681,
2768,59715.12648
603077,29871.60637
2510,20200.06454
688007,
300249,
603922,44754.23341
603033,40886.16893
603226,8597.570287
300489,30383.14527
2892,
300559,
300558,
2943,4574.141135
603086,20026.85489
2829,
603699,100502.1062
603897,
300807,
603116,34252.20178
603337,7690.498213
300022,
300449,
601229,
2191,153844.8352
726,30287.18312
2616,
2446,
603416,
300016,
603889,16479.31657
2372,177827.7489
300267,
2291,58680.28476
2641,42471.07978
300218,14357.15428
300221,25983.97963
601011,118986.3959
2615,24912.4449
2529,14231.33985
2430,48248.43637
2490,21309.11653
2363,110302.3177
2594,239659.3114
2837,16311.06532
2617,
300014,
601222,
2688,
2413,
300127,
2148,
300010,
300300,
300061,
300262,
2879,
300644,6829.672738
603868,
2758,
2900,
2634,29572.54081
300494,
603232,
300366,
300445,
300398,43996.51229
300738,
601021,
300790,
300029,20940.87683
300356,
603359,
603330,6730.582193
2454,94742.69702
300238,85663.68901
2005,
603588,
600289,
688101,82603.2551
2711,
603895,4326.391872
603611,38775.76256
300057,54314.38324
603109,15611.47955
603630,5293.913819
300639,
300376,
2873,
300389,
603657,1940.652714
300535,4077.319618
2660,
300522,8281.287146
300718,3546.32256
300232,
300196,24560.42773
2254,29657.67514
601311,
300233,
603303,
603068,
2788,
300207,
2947,
300607,40000.65967
300484,
300468,
2697,
300809,8447.847594
300368,854.7159674
2241,
688128,
2403,10966.11174
2284,6586.605056
153,
601199,
2316,
2445,
603626,6299.342361
601628,
2123,
2306,
300430,
603778,
601678,87599.12321
2576,
300032,
601616,
2581,
2586,
300594,3219.866176
603383,
2841,
603355,
2706,
2876,
300395,110466.3045
2168,
603808,8246.325395
603005,
300442,20983.23868
300736,
300767,17771.787
603558,29714.11849
603629,9593.13366
300403,
300625,
2916,
300097,15511.96908
2432,38766.89177
2328,22764.27966
2935,
300658,6464.377395
603160,
603332,9086.091242
603396,-716.0365699
603939,
2523,30724.19621
300373,
2801,
603260,74980.22901
300034,82323.75785
603898,37071.43754
300577,15608.71765
300375,20810.00226
603968,33912.93296
2277,
603192,8309.701007
300036,
300235,
300023,
300231,
603516,
300025,
2285,
603136,
603076,43040.01001
601211,
300180,99495.41897
2299,111299.3513
2269,43077.74527
300005,34377.90299
300320,31214.69195
2639,12265.75905
2275,
2349,
300096,
2377,
2860,
603301,41347.15655
300703,15151.23259
603662,
603709,1433.2752
2965,9352.633718
2346,
2583,
300567,
2867,
603214,
2418,53370.24624
300116,
869,74350.8385
2301,135921.5521
2575,28008.06368
2326,101227.7588
2455,20621.15247
2591,30713.09935
601208,17736.17628
300337,12309.73935
601677,33315.74802
2552,72127.55228
2526,84321.42372
300273,57663.90129
601717,160775.6524
300314,50692.3085
2662,23110.1022
2622,
300283,
300203,
601567,
2653,
2693,
2140,
2628,
601886,
300240,
2106,
300301,
300308,
300323,
300331,
688002,
2417,
2517,
300020,
300245,
300312,
300348,
603000,
2589,
300184,
601010,
601688,
2344,
300269,
603518,35453.91859
603486,
300357,
300508,
2329,45786.07899
2516,25281.18872
300488,8416.659425
2509,43354.03622
2699,
603933,
603267,
300418,
300354,
2244,
601200,
2742,17398.46372
688033,5597.286245
300677,40099.18527
300339,
603926,14495.90221
2920,12171.67164
688321,
300546,
2870,
2932,
603020,37166.96016
338,1624075.932
300387,37123.57192
300108,
603188,22461.53011
300089,9124.414342
2484,
2421,
2658,
603983,36910.32794
2286,53730.90782
2300,
300570,
2928,
2897,
2460,326250.8538
603989,
300353,
300378,
488,43628.18246
300121,20510.26612
603727,16351.35686
300752,
300512,15676.83045
300100,6426.378545
300500,
300668,
2905,
2661,38159.94
2605,34423.7588
300329,12391.65735
2671,17659.97416
601012,237874.518
300201,94424.47212
2562,
2713,
300120,
300256,
600498,
300302,
603685,
688030,
601788,
300224,127130.8104
2194,
603677,
300067,29780.34298
300450,16005.65785
2750,
300740,11710.87213
601799,100151.7443
603877,30608.51323
300064,22004.21613
2739,
603586,15489.34643
603665,4593.264824
300394,
300436,
300502,
300799,
2597,46214.33795
603366,
2745,
2153,
603096,
300757,5421.511333
2791,11586.4915
300377,
2216,67659.90506
300056,22164.62775
688078,
2701,65539.58331
603259,
300568,54397.99826
300440,
2700,
2756,75569.99634
2448,28360.86882
2869,
603239,40893.54192
603168,
300200,20385.27901
300148,
300259,
300178,
603656,6049.978699
300523,
2348,19907.88573
2404,37411.12403
601566,30410.62547
2494,13349.58574
2631,37318.34133
300214,21764.26656
300261,21169.37754
2333,26344.84036
2443,22209.09085
2438,31614.16112
2488,116610.464
300210,201.1998585
300304,6725.219846
2684,
2338,
300137,
300213,
2425,
2649,
2657,
300044,
300379,
600629,
300501,
300802,
300547,11398.50426
601163,63297.936
300758,17678.85101
2608,
300687,
688268,12457.95962
300518,
603387,
300575,13065.54043
300739,
2717,
300673,5502.62252
300407,
2364,
2607,
2872,
300202,60314.57644
300696,10623.90712
603809,49568.96673
300173,44227.40255
300702,
603757,2795.737434
300288,
2933,88974.2723
2809,12211.22885
2459,
2324,31506.45484
2347,22100.04556
601890,52336.90782
601218,36187.52984
2925,
300516,
603995,17509.4684
300543,
2789,
2242,
300095,55419.18761
2369,
2376,
603619,27427.2165
300564,
2280,
300192,52952.86476
300426,
603197,15492.34052
300004,21502.20241
2292,128878.566
2792,
300433,
2687,36051.43421
300321,27032.1796
2341,42477.65432
2476,53461.56187
2632,45976.04306
300019,48786.10796
300132,15312.61828
2318,38984.97715
2514,36603.49374
601100,852578.5155
601126,
2635,
2602,
300226,
300277,
300333,
600271,
600479,
2940,
2707,
603228,
2396,
601519,
601336,
603038,
603986,
300496,
2776,
300742,2857.90322
300220,
300380,
2812,450610.9747
603801,23532.40192
2818,
300181,
300244,
603567,
1979,
603556,
2963,
688198,50543.00059
603890,
300001,
2374,
2308,
300595,67719.43628
2696,10156.86486
688089,13244.54741
603218,25956.89983
300069,
2929,
2360,7820.011954
601877,
601933,
300189,30071.31167
2458,75504.31564
2548,13413.08398
300174,17245.66401
2342,13133.97588
2595,69145.12091
2350,
2508,
2638,
300088,
300017,
2505,
600605,
2621,
300397,
2714,779244.4142
603059,
603078,9918.496663
300062,
300581,
2236,
688001,7184.300625
603590,
300617,
300765,13034.9625
600817,
300810,
603816,100201.2346
603233,
300179,33198.84309
688310,3719.751863
300293,1589.465641
600380,
2313,
688008,
603208,13868.27921
2183,
2531,
300507,8880.522227
603730,2641.657
603639,27762.65735
300228,8659.23461
688288,
2069,16661.51844
300268,1432.888012
2395,88214.66426
2643,24973.52213
601216,278438.5691
2457,15213.3265
300185,24206.5576
2667,2078.109641
300030,12738.50411
300246,10742.76126
300258,18675.65733
2535,142901.3167
300281,12537.71026
2651,11183.09253
2339,
300208,
300294,
2499,
2296,
300114,
300303,
2439,
2642,
300250,
300352,
600639,
300071,
300336,
300363,
2880,
300750,
300172,
2712,
688010,
300170,
2303,67121.6903
2719,33153.0922
603810,15612.28792
2549,
603001,21237.9057
300276,51845.29238
688003,6177.457392
2249,
2405,
300237,
300211,
300012,
688022,3485.536768
2580,
2411,
2479,
2640,
603297,
2452,
300217,
2237,90466.08955
2554,13486.44042
2568,119437.08
2762,5477.56706
2538,22784.47449
300285,391734.1728
2534,60047.5177
300161,7661.755449
2073,78037.86842
2358,
2675,
300163,
300117,
2384,
2414,
2512,
2467,
300038,
300275,
300266,
300786,5349.087734
2251,
300392,
300561,
2832,69305.42414
688021,7389.642089
300811,
603368,
603507,
2401,
688258,
300193,16628.71543
2485,53138.03914
2406,49821.70708
603729,
688005,
300763,
603393,
603225,7819.357032
688028,8277.464139
601869,
2968,
603585,51015.60306
603776,
603786,21730.33787
688118,
603716,
2749,27858.49363
603985,7155.438152
688037,681999.7944
2336,
2567,81522.79872
601233,60449.27941
601137,66052.03195
300260,8535.772504
2645,41096.29622
300007,
2325,
2387,
2279,
2331,
300324,
300338,
2367,30035.72394
2293,30234.42731
603806,384670.8614
688300,5918.8588
300787,
300778,
2335,
688006,-454.893951
300253,
300439,
603587,12570.51096
300623,
603888,
2656,21650.35003
2290,
300008,
603180,17740.73708
300381,
300463,
2311,614198.7391
300225,48318.47764
600608,7709.905823
2472,15186.15579
300255,
600642,
2449,
2373,
2544,
300085,
300168,
600648,
600663,
600665,
2398,
300149,
300015,
2718,
300343,
300091,22700.67471
688388,
300785,
300590,
2769,
600662,
300027,
2312,75706.74101
2783,12238.85453
300473,104509.7891
2571,19099.84023
2560,
2475,
300063,
300419,
2408,139780.1328
300123,31832.0467
688088,
300049,89266.03085
2447,
300037,69425.76094
2702,8711.331984
2444,137140.8415
2122,37988.8158
2483,25558.36047
300003,472991.0273
300298,47393.31183
2368,
2502,
688012,8255.665321
300326,265209.7278
300103,
2884,27467.16521
603583,
300761,21420.95155
603458,
300408,
688068,
2564,
300396,15918.08029
603338,471074.4301
601101,73549.11269
2433,
2859,
300661,
603978,18410.81601
603017,
2695,88540.19232
300138,42563.49008
2650,19452.41754
2327,15468.26784
2522,16183.35836
2409,66621.26101
300109,13398.09224
2428,11725.632
2466,286790.2905
2434,29599.15314
2543,
300286,
2663,
2323,
2620,
2389,
2429,
2456,
2558,
300047,
300052,
300248,
601601,
600649,
300454,
300199,
2912,
300771,74.35166667
300359,
2913,
300801,10173.61224
300212,
2497,13492.01595
300274,
2821,
300054,50354.08002
300384,
300045,38913.98322
300271,
2665,
300198,52431.81105
2337,47171.12443
300129,
2365,
300351,
300349,
300309,
600999,
2343,
2853,10917.6326
2952,
603358,31350.66261
2565,70224.41902
2440,84694.46169
2918,49184.65246
600519,10254931.74
300141,
300136,
300495,
2375,
300443,14183.67437
2340,146306.3686
2495,13918.68067
2381,28827.822
300169,23107.87431
300072,119124.2732
2550,
2574,
300101,
2352,
300690,10275.50637
300018,
603187,33277.5979
603018,
300222,
603379,19486.93526
2518,
603680,3441.573352
300065,
600647,
2532,43141.05746
300683,
300150,
300084,7620.138605
2379,14457.14827
300263,20027.00248
688333,5481.484156
2371,926500.5017
300316,397401.9533
300040,
300068,
2390,
2345,
300386,
688123,
300773,
603773,
2351,
603508,14925.03626
2320,
300467,
2533,
2546,
601318,
300058,
2539,20820.54673
2469,
300147,
2515,47664.60842
600636,36501.62679
300126,14583.95493
300151,12210.32965
300051,
300295,
603185,12866.80122
300048,
2959,
300209,
603666,23731.31391
2603,
300470,17986.14657
600614,18122.17473
2385,126164.8141
2626,107765.7114
2612,49383.82404
2588,7991.72332
300160,28031.4343
2501,46660.90119
601700,69180.4139
2520,40927.0455
300307,83312.78952
2382,19418.93758
600635,
2402,
300128,
300270,
2555,
600606,
300382,83932.79744
688036,
300782,
603351,
300370,
300789,
300087,7508.691825
2412,
2637,68703.60701
2202,235352.3559
2536,11214.95888
2498,
300035,
300073,
2506,
300083,
300098,
300131,
300143,
300642,
300770,
300041,45138.22849
300135,39933.79891
2436,
2356,
2737,
2956,5639.41404
600588,
2831,116802.5095
2519,
601088,3964234.027
300011,82458.87097
2542,
2383,
2474,
300533,
2556,
2850,20346.54284
300145,93907.5746
300347,
300122,
600630,31525.46868
2489,69290.60615
2511,75597.96398
300107,5148.967406
2623,24735.07678
2480,18705.17167
300206,41043.67957
300039,
2465,
2577,
2970,
300162,
300031,
600604,
688011,
300747,
300383,
300792,
300485,
300154,23914.60027
688099,
300741,15184.83177
2487,11088.33762
300709,
300081,
300158,
300042,
2380,
300152,
688019,
2407,196508.324
2545,120853.1253
2481,127259.6648
300024,348893.9393
2400,
300371,
2566,
2441,
300140,
2557,247103.1268
2648,295870.9535
2540,15960.95714
2537,46808.28653
2559,25884.5005
300358,24857.87135
300195,137090.4964
300153,
2424,
600612,
300205,
2322,
300188,
600634,
2419,
1,
300187,
300713,
300583,
300059,
2541,50689.90984
300369,
300046,
300732,
300183,
300191,43546.90734
2521,9193.059771
688202,
300569,
300769,4859.861719
300194,
603871,
2362,
2294,
2570,62332.29881
300305,17915.06871
2392,41715.44062
601908,14524.11649
300118,
2315,
600621,
2887,
688196,4094.938717
300113,
2672,20233.47123
300115,
2513,29227.85148
300365,
688357,12421.45904
300130,209103.6526
300080,33403.4022
603489,
300223,
688025,
603236,
300043,
333,
603610,26039.87064
603579,31811.81207
2394,8938.156479
300306,
2393,
2431,
300102,
2416,
601258,
2573,
300291,
688111,
2582,47915.26292
2551,8569.86587
2309,
688016,35955.62889
688399,
300177,
2852,11248.24614
688363,
600619,54805.11586
2334,
300340,
600637,
300099,19904.04088
2496,16211.51143
300760,660282.9455
300066,
600611,
300155,
688369,
300134,
300367,
2437,
600601,
600652,
600622,
600645,
600620,
603833,18159.19973
300660,
688039,
688358,970.3630782
300800,
2397,12960.67986
2391,17470.71419
300164,17396.30685
603288,2559374.032
300167,
600640,
2482,
2614,156473.5014
600650,
600624,
2955,
688029,15631.81408
300204,
300251,
300033,
300105,
300144,
2493,502552.6656
2528,
300756,4005.740089
688020,
600618,29077.7861
300075,
603444,
300471,52703.47627
300616,41269.12425
300791,12695.14488
603217,13385.35092
2585,14096.87919
2601,142742.6905
600615,12559.15827
2317,
300125,
300182,
300360,
300166,
300613,
600617,
600661,
603858,
688023,
600633,
300751,17384.95102
688368,
603661,27263.17992
688168,
300157,8136.476357
300776,7675.375253
600616,14665.18031
300156,26415.39462
300078,
2410,
300002,
300190,
2310,
2353,119941.3578
300079,
2304,770190.608
300026,
300086,
300119,
600638,
300139,
688018,
300695,10341.31645
300257,27064.39803
300165,
300076,
300055,
300346,
688199,7819.403404
2563,79540.0184
300197,
300679,
600623,115859.4929
2415,
300133,
688188,
300070,
300159,25876.78765
600651,
600643,
900901,
300124,
600613,
300074,
2503,32446.74472
300215,
603156,186556.3482
688058,
600655,
2422,
300082,29995.34498
2572,80364.58853
300171,75036.65662
300077,
300050,
600628,
300628,
688366,
601558,39754.98766
300142,
600653,
700,39988.35191
600609,21066.89546
600654,
600602,
300146,108130.9501
811,49836.18898
2399,
600393,
